context category;category;category_slug;;
2D;;;;
3D;;;;
Acting & Performing;Actors;;;
Actors Agencies;Vermarktung & Distribution;vermarktung-distribution-4;;
Actors Schools;Aus- & Weiterbildung;aus-weiterbildung-4;;
Additional Advisory Services;;;;
Adhesives;Künstlerbedarf;;;
Advertising & Marketing;Advertising Agencies;;;
Advertising Agencies;Advertising Agencies;;;
Affiliate Marketing;PR & Marketing;;;
Agencies & Management;PR & Marketing;;;
Agencies & Representatives;PR & Marketing;;;
animation;Animation;;;
Architecture & Landmarks;Architektur;architektur-1;;
Archive & Research;;;;
Archives;;sonstiges;;
Packaging & Display;Vermarktung & Distribution;vermarktung-distribution-1;;
Art Archives;Museen & Archive;museen-archive-1;;
Art-Buying-Agencies;Vermarktung & Distribution;vermarktung-distribution;;
Artists Agencies;Vermarktung & Distribution;vermarktung-distribution-1;;
Artists Supply;Künstlerbedarf;;;
Arts Administration;Vermarktung & Distribution;vermarktung-distribution-1;;
Associations;;;;
Audio;Film & Rundfunk;;;
Audiobook Publisher;Hörbücher & Podcasts;horbucher-podcasts;;
audioguide;Vermarktung & Distribution;vermarktung-distribution-1;;
Awards;;;;
Boarding Houses;;;;
Book & Press Distribution;Vermarktung & Distribution;vermarktung-distribution-11;;
Book Publisher;Verlage;;;
Booking-Agencies;Vermarktung & Distribution;vermarktung-distribution-4;;
Broadcast and Television;Film & Rundfunk;;;
Buchbinder;Vermarktung & Distribution;vermarktung-distribution-11;;
Büroservice;;;;
Business Development;;;;
Business Institutions;;;;
Business Setup & Authorizations;;;;
Business Start-Up;;;;
Calender of Events (links);Eventbranche;eventbranche;;
Camera;Filmemacher;;;
Capital Investments and Equipment;;;;
Cardboard;Künstlerbedarf;;;
Casting-Agencies;Vermarktung & Distribution;vermarktung-distribution-4;;
Catering;Eventagentur;;;
Chambers;;;;
choreography;Choreographers;;;
Club;Clubs;;;
Clubs & Societies;Clubs;;;
Co-Working;;;;
Coaching;;;;
Collecting Societies;;;;
Competitions & Biddings;;;;
Composite Materials;Künstlerbedarf;;;
Concept;;;;
Concrete;Künstlerbedarf;;;
Conferences & Workshops;Veranstalter;;;
Consulting;;;;
Consulting Grants;;;;
Consulting, Law & Taxes;;;;
Contact Points;;;;
Corporate Design;Design;;;
Corporate Publishing;Verlage;;;
Costumes;Textiles & Supplies;;;
Courses;;;;
Creation;;;;
Crowdfunding;;;;
Cultural Heritage;;;;
Cultural Institutes;;;;
Cultural Marketing;;;;
Cultural mediation in museums and exhibitions;Vermarktung & Distribution;vermarktung-distribution-1;;
Curator;Kuratoren;;;
curator;Kuratoren;;;
Daily Newspaper;Zeitungen & Zeitschriften;;;
dance;Theatre & Dance;;;
Dance Schools;Aus- & Weiterbildung;aus-weiterbildung-9;;
Database Marketing;PR & Marketing;;;
Decoration & Set-Design;Set Designers;;;
Digital Media Publisher;Verlage;;;
digital print;;;;
Direct Marketing;PR & Marketing;;;
director;Filmemacher;;;
Distribution Agency;;;;
Dolmetscher;Übersetzer & Lektoren;;;
Education;;;;
eLearning;;;;
Email Marketing;PR & Marketing;;;
Equipment, Props & Event technics;Eventagentur;;;
Evaluators & Experts;;;;
Event Agency;Eventagentur;;;
event location;Eventagentur;;;
Event Organizer;Veranstalter;;;
Event Services;Eventagentur;;;
Events & Performances;Eventagentur;;;
Events and Deadlines;Eventagentur;;;
Fabrics & Textiles;Textiles & Supplies;;;
Fabrics Sales Wholesale;Textiles & Supplies;;;
Farbe, Lacke & Pigmente;Künstlerbedarf;;;
Fashion Styling;Fashion Design;;;
Fashion- & Designschools;Fashion Design;;;
Film Distributors;Vermarktung & Distribution;vermarktung-distribution-4;;
Film Marketing;Vermarktung & Distribution;vermarktung-distribution-4;;
Film Production;Filmemacher;;;
Film- & Videoarchives;Museen & Archive;museen-archive-3;;
Filming Permits;Filmstudios;;;
Filmstudios;Filmstudios;;;
Filmsubsidy & Filmfonds;Finanzierung & Förderung;finanzierung-forderung-4;;
Fine Arts;Bildende Kunst;;;
Flat Agencies;;;;
Font Archives;;;;
Food Styling;;;;
Formation Consulting;;;;
Funding & Financial aids;;;;
Funding Consulting;;;;
Gips & Lehm;Künstlerbedarf;;;
Glas, Keramik & Porzellan;Künstlerbedarf;;;
Grants & Scholarships;;;;
Guidelines;;;;
Gummiwaren;Künstlerbedarf;;;
Hair Styling;;;;
Hörspiel;Hörbücher & Podcasts;;;
Hotels;;;;
illustration;Illustration;;;
Incentives;;;;
Instrument Manufacturing;Instrument Makers;;;
Insurances;;;;
Intellectual Property Rights;;;;
Interior;Innenarchitektur;;;
interior  design;Innenarchitektur;;;
Intermediary;;;;
International;;;;
Internet Marketing;PR & Marketing;;;
Internship Exchange;;;;
IT & Computer;IT-Services;;;
IT-Services;IT-Services;;;
Job Exchanges;;;;
Jobs & Internships;;;;
journalism;Schriftsteller & Journalisten;;;
Kopierwerke & Datenträger;;;;
Künstlersozialkasse;;;;
Legal Advices;;;;
Lektorat;Übersetzer & Lektoren;;;
Lesung;Vermarktung & Distribution;vermarktung-distribution-11;;
Lettershops;PR & Marketing;;;
Libraries;Bibliotheken;;;
Light;Filmemacher;;;
Literature;Literatur & Verlage;;;
Local Radio;Radio Stations;;;
Local Television;TV Stations;;;
Local Television;TV Stations;;;
Locationscouting;Eventagentur;;;
Magazine;Zeitungen & Zeitschriften;;;
Magazine Publisher;Zeitungen & Zeitschriften;;;
Makeup;;;;
Management Consultancies;;;;
Market- & Opinion Research;PR & Marketing;;;
Marketing & Distribution;PR & Marketing;;;
Mask;;;;
Material- and Designresearch;Wissenschaft;wissenschaft-2;;
Materials;Künstlerbedarf;;;
Media Agencies;;;;
memorial sites;Museen & Archive;museen-archive;;
Messebau;Eventagentur;;;
Metals;Künstlerbedarf;;;
Möbelbaubedarf;Produkt- & Industriedesign;produkt-industriedesign;;
Mobile Marketing;PR & Marketing;;;
Modelagencies;;;;
Multilabel-Shop;;;;
Museums;;;;
Music Distributor;Vermarktung & Distribution;vermarktung-distribution-8;;
Music Labels;Producers;;;
Music Marketing;Vermarktung & Distribution;vermarktung-distribution-8;;
music production;Producers;;;
Music Publisher;Vermarktung & Distribution;vermarktung-distribution-8;;
Music Schools;Aus- & Weiterbildung;aus-weiterbildung-8;;
musical composition;Composers;;;
musician;Music;;;
Musik Archives;Museen & Archive;museen-archive-5;;
National;;;;
Networks & Organisations;;;;
Networks & Platforms;Onlineportale;;;
Newspaper Publisher;Zeitungen & Zeitschriften;;;
Office Services;;;;
Office-Sharing;;;;
Offices;;;;
Online Platform;Onlineportale;;;
Online Shopping;;;;
Online-Platforms;Onlineportale;;;
Online-Platforms;Onlineportale;;;
opera;Theater;;;
orchestra, ensemble, band;Bands;;;
Out-of-Home Advertising;Advertising Agencies;;;
Paper;Künstlerbedarf;;;
performance;Theatre & Dance;;;
performing arts;Theatre & Dance;;;
Phone Marketing;PR & Marketing;;;
Photostudios;Fotografie;;;
Plastics;Künstlerbedarf;;;
Postproduction;Filmemacher;;;
PR Agencies;PR & Marketing;;;
Prepress;;;;
Press & News Agencies;Vermarktung & Distribution ;vermarktung-distribution-6;;
Press & Public Relations;PR & Marketing;;;
Press Archives;Museen & Archive;museen-archive-6;;
Print;;;;
Print & Packaging;;;;
Private Radio;Radio Stations;;;
Private Television;TV Stations;;;
Problems of Approvals and Licenses;;;;
Producers;;;;
Product Placement;PR & Marketing;;;
Production;;;;
Production (manufacture);;;;
Production (stage);Theatre Makers;;;
Production management;;;;
Production Services;;;;
Produktion (manufacture);;;;
Professional Journal;Zeitungen & Zeitschriften;;;
Programming;Games & Interactive;;;
Project Exchanges;;;;
Promotion & Event;Eventagentur;;;
Promotion of Cultural Affairs;;;;
promotion of new blood;PR & Marketing;;;
Promotional Agency;PR & Marketing;;;
Props;Filmstudios;;;
Public Radio;Radio Stations;;;
Public Television;TV Stations;;;
Publisher and Editorial Staff;Verlage;;;
R&D and Innovation;;;;
Record Studio and Mastering;Recording Studios;;;
recording studio;Recording Studios;;;
Recruitment Agencies;;;;
Recruitment;;sonstiges;;
Solid Surfaces;Bildende Kunst;kunstlerbedarf;;
Regional;;;;
Rehearsal- and Practice Rooms;;;;
Reiseauskünfte;;;;
Reiseplanung;;;;
Representatives;PR & Marketing;;;
Research Services;;;;
Retail;;;;
Retail Marketing;PR & Marketing;;;
Sales Promotion & Merchandising;PR & Marketing;;;
Sammlungen;;;;
scholarships;;;;
Schreibservice;Kommunikationsdesign;kommunikationsdesign;;
Screen;;;;
Screen Printing;;;;
Security;Eventagentur;;;
Selfpublishing;Verlage;;;
services for museums and exhibitions;;;;
SFX;Animation;;;
Shop, Markt, Verkauf;;;;
Shopping Window;;;;
Skulptur, Bildhauerei;Artists;;;
Software;Games & Interactive;;;
Sound;Recording Studios;;;
Sound Archives;Museen & Archive;museen-archive-5;;
Sound Studios;Recording Studios;;;
Spaces, Studios & Facilities;;;;
Sponsoring;PR & Marketing;;;
Stage;Theatre & Dance;;;
stage designer;Set Designers;buhnenbildner;;
Stage Setting;Set Designers;buhnenbildner;;
Start-Up and Spin-Off from University;;;;
State Media Institutes;Film & Rundfunk;film-rundfunk;;
Statics;Architektur;architektur-1;;
Stillife Styling;;;;
Stock Photography Agency;Vermarktung & Distribution;vermarktung-distribution-5;;
Stones;Künstlerbedarf;;;
strategic planning;;;;
strategic planning;;;;
Studios and Studio Appartments;;;;
Styling & Decoration;;;;
Styling Agencies;;;;
Styling and Makeup;;;;
Tax Advices;;;;
Technical Colleges;;;;
Text;Schriftsteller & Journalisten;schriftsteller-journalisten;;
Text Services;Kommunikationsdesign;kommunikationsdesign;;
theater;Theater;;;
theater;Theater;;;
Time-Work;;;;
Trade Shows & Exhibitions;Eventbranche;eventbranche;;
Training Schools;;;;
Translations;Übersetzer & Lektoren;;;
Travel, Transport & Logistics;;;;
Trend Research;PR & Marketing;;;
Trickfilm;Animation;;;
Typographie;Kommunikationsdesign;;;
Unions;;;;
Universities;;;;
Venture Capital;;;;
venue for dance;Venues;spielstatten;;
venue for live music;Concert Venues;konzert-kulturhauser;;
Venue;;sonstiges;;
Multimedia Agencies;Advertising Agencies;werbeagenturen;;
Veredelung & Weiterverarbeitung;;;;
Video;Filmemacher;;;
Weekly Newspaper;Zeitungen & Zeitschriften;;;
Werbetechnik/-mittel;Advertising Agencies;;;
Women´s advancement;;;;
Wood;Künstlerbedarf;;;
strategic planning;Miscellaneous;sonstiges;;
theater;Theater;theater;;
Fundraising;Miscellaneous;sonstiges;;
Antique Shops;Vermarktung & Distribution;vermarktung-distribution-2;;
Libraries & Media Centres;Bibliotheken;bibliotheken;;
Local Television;TV Stations;tv-sender;;
Lifestyle Magazine;Zeitungen & Zeitschriften;zeitungen-zeitschriften;;
Play Publisher;Vermarktung & Distribution;vermarktung-distribution-9;;
Kunst- & Spezialtransporte;Vermarktung & Distribution;vermarktung-distribution-1;;
VIP Agencies;Eventagentur;eventagentur;;
Specialised Bookstores;Vermarktung & Distribution;vermarktung-distribution-11;;
Online-Platforms;Onlineportale;onlineportale;;
